55,B,0,4,3,6,0,0,4 42 5F 64
55,B,0,4,3,6,0,0,F0 41 59 A5
55,B,0,4,3,6,0,0,E0 41 54 65
55,B,0,4,3,6,0,0,18 42 57 A4
55,B,0,4,3,6,0,0,40 42 6C 64
55,B,0,4,3,6,0,0,4 42 5F 64
55,B,0,4,3,6,0,0,10 42 50 64
55,B,0,4,3,6,0,0,90 41 71 A5
55,B,0,4,3,6,0,0,F0 41 59 A5
55,B,0,4,3,6,0,0,A0 41 65 A5
55,B,0,4,3,6,0,0,6C 42 70 A4
55,B,0,4,3,6,0,0,14 42 52 A4
55,B,0,4,3,6,0,0,A8 41 62 65
55,B,0,4,3,6,0,0,18 42 57 A4
55,B,0,4,3,6,0,0,90 41 71 A5
55,B,0,4,3,6,0,0,E0 41 54 65
55,B,0,4,3,6,0,0,F0 41 59 A5
55,B,0,4,3,6,0,0,B8 41 6F A5
55,B,0,4,3,6,0,0,98 41 76 65
55,B,0,4,3,6,0,0,10 42 50 64
55,B,0,4,3,6,0,0,1C 42 55 64