Sample,Time_ms,Raw_Bytes
1,1988,55 8 0 4 5 2 15 79 24
2,2977,55 11 0 4 5 9 0 0 0 0 137 242
3,3976,55 8 0 3 4 16 0 83 8
4,4976,55 10 0 4 3 5 0 255 255 13 36
5,5977,55 10 0 4 3 7 1 1 1 156 188
6,6976,55 8 0 3 5 14 4 10 171
7,7977,55 8 0 3 5 11 1 201 248
8,8977,55 8 0 5 1 4 2 205 64
9,9977,55 8 0 3 5 13 1 202 88
10,10977,55 8 0 4 5 10 15 72 216
11,11990,55 10 0 4 5 1 0 255 255 132 20
12,12977,55 10 0 4 3 5 1 1 1 157 4
13,13977,55 11 0 4 3 6 0 0 152 65 118 101
14,14977,55 10 0 4 3 7 1 1 4 92 191
15,15990,55 11 0 4 3 6 0 0 64 65 44 101
16,16977,55 11 0 4 3 6 0 0 72 66 107 164
17,17977,55 11 0 4 3 6 0 0 12 66 88 164
18,18977,55 11 0 4 3 6 0 0 80 65 33 165
19,19977,55 11 0 4 3 6 0 0 128 65 124 101
20,20977,55 11 0 4 3 6 0 0 76 66 105 100
21,21990,55 10 0 4 5 1 1 1 1 20 52
22,22977,55 11 0 4 3 6 0 0 96 65 53 165
23,23978,55 11 0 4 3 6 0 0 80 65 33 165
24,24978,55 11 0 4 3 6 0 0 160 65 101 165
25,26977,55 11 0 4 3 6 0 0 96 65 53 165
26,28977,55 11 0 4 3 6 0 0 36 66 70 164
27,30977,55 11 0 4 3 6 0 0 136 65 123 165
28,32977,55 11 0 4 3 6 0 0 64 65 44 101
29,33977,55 10 0 4 5 1 1 1 1 20 52
30,35978,55 11 0 4 3 6 0 0 96 65 53 165
31,37990,55 11 0 4 3 6 0 0 80 65 33 165
32,40977,55 11 0 4 3 6 0 0 80 65 33 165
33,42977,55 11 0 4 3 6 0 0 80 65 33 165
34,44977,55 11 0 4 3 6 0 0 64 65 44 101
35,46977,55 11 0 4 3 6 0 0 128 65 124 101
36,48976,55 11 0 4 3 6 0 0 80 65 33 165
37,49977,55 10 0 4 5 1 1 1 1 20 52
38,51977,55 11 0 4 3 6 0 0 32 65 4 101
39,53977,55 11 0 4 3 6 0 0 176 65 104 101
40,55978,55 11 0 4 3 6 0 0 144 65 113 165
41,57989,55 11 0 4 3 6 0 0 80 65 33 165
42,59977,55 11 0 4 3 6 0 0 152 65 118 101
43,61976,55 11 0 4 3 6 0 0 168 65 98 101
44,63977,55 11 0 4 3 6 0 0 32 65 4 101
45,64977,55 10 0 4 5 1 1 1 1 20 52
46,66977,55 11 0 4 3 6 0 0 112 65 56 101
47,68978,55 11 0 4 3 6 0 0 16 65 16 101
48,70978,55 11 0 4 3 6 0 0 96 65 53 165
49,72978,55 11 0 4 3 6 0 0 80 65 33 165
50,74977,55 11 0 4 3 6 0 0 16 65 16 101
51,76989,55 11 0 4 3 6 0 0 64 65 44 101
52,78977,55 11 0 4 3 6 0 0 144 65 113 165
53,79977,55 10 0 4 5 1 1 1 1 20 52
54,81979,55 11 0 4 3 6 0 0 48 65 9 165
55,83981,55 11 0 4 3 6 0 0 160 65 101 165
56,85980,55 11 0 4 3 6 0 0 48 65 9 165
57,87980,55 11 0 4 3 6 0 0 16 65 16 101
58,89979,55 11 0 4 3 6 0 0 48 65 9 165
59,91981,55 11 0 4 3 6 0 0 48 65 9 165
60,93980,55 11 0 4 3 6 0 0 64 65 44 101
61,94991,55 10 0 4 5 1 1 1 1 20 52
62,96979,55 11 0 4 3 6 0 0 112 65 56 101
63,98980,55 11 0 4 3 6 0 0 128 65 124 101
64,100980,55 11 0 4 3 6 0 0 128 65 124 101
65,102979,55 11 0 4 3 6 0 0 96 65 53 165
66,104981,55 11 0 4 3 6 0 0 112 65 56 101
67,106980,55 11 0 4 3 6 0 0 64 65 44 101
68,108981,55 11 0 4 3 6 0 0 64 65 44 101
69,109980,55 10 0 4 5 1 1 1 1 20 52
70,111981,55 11 0 4 3 6 0 0 80 65 33 165
71,113989,55 11 0 4 3 6 0 0 16 65 16 101
72,115977,55 11 0 4 3 6 0 0 96 65 53 165
73,117977,55 11 0 4 3 6 0 0 48 65 9 165
74,119979,55 11 0 4 3 6 0 0 96 65 53 165
75,121977,55 11 0 4 3 6 0 0 80 65 33 165
76,123978,55 11 0 4 3 6 0 0 136 65 123 165
77,124977,55 10 0 4 5 1 1 1 1 20 52
78,126978,55 11 0 4 3 6 0 0 112 65 56 101
79,128978,55 11 0 4 3 6 0 0 112 65 56 101
80,130977,55 11 0 4 3 6 0 0 64 65 44 101
81,132990,55 11 0 4 3 6 0 0 48 65 9 165
82,134977,55 11 0 4 3 6 0 0 96 65 53 165
83,136977,55 11 0 4 3 6 0 0 64 65 44 101
84,138978,55 11 0 4 3 6 0 0 112 65 56 101
85,139977,55 10 0 4 5 1 1 1 1 20 52
86,141977,55 11 0 4 3 6 0 0 112 65 56 101
87,143977,55 11 0 4 3 6 0 0 80 65 33 165
88,145977,55 11 0 4 3 6 0 0 80 65 33 165
89,147977,55 11 0 4 3 6 0 0 80 65 33 165
90,149977,55 11 0 4 3 6 0 0 32 65 4 101
91,151990,55 11 0 4 3 6 0 0 144 65 113 165
92,153978,55 11 0 4 3 6 0 0 80 65 33 165
93,154977,55 10 0 4 5 1 1 1 1 20 52
94,156977,55 11 0 4 3 6 0 0 0 65 29 165
95,158978,55 11 0 4 3 6 0 0 32 65 4 101
96,160977,55 11 0 4 3 6 0 0 16 65 16 101
97,162977,55 11 0 4 3 6 0 0 80 65 33 165
98,164977,55 11 0 4 3 6 0 0 48 65 9 165
99,166977,55 11 0 4 3 6 0 0 32 65 4 101
100,168979,55 11 0 4 3 6 0 0 64 65 44 101
101,169989,55 10 0 4 5 1 1 1 1 20 52
102,171977,55 11 0 4 3 6 0 0 16 65 16 101
103,174977,55 11 0 4 3 6 0 0 92 66 100 164
104,176977,55 11 0 4 3 6 0 0 240 65 89 165
105,178977,55 11 0 4 3 6 0 0 16 65 16 101
106,180978,55 11 0 4 3 6 0 0 224 64 149 165
107,182977,55 11 0 4 3 6 0 0 16 65 16 101
108,184977,55 11 0 4 3 6 0 0 64 65 44 101
109,185977,55 10 0 4 5 1 1 1 1 20 52
110,187978,55 11 0 4 3 6 0 0 152 65 118 101
111,189989,55 11 0 4 3 6 0 0 48 65 9 165
112,191977,55 11 0 4 3 6 0 0 184 65 111 165
113,193979,55 11 0 4 3 6 0 0 224 65 84 101
114,195990,55 11 0 4 3 6 0 0 136 65 123 165
115,197977,55 11 0 4 3 6 0 0 16 66 80 100
116,199978,55 11 0 4 3 6 0 0 80 65 33 165
117,200977,55 10 0 4 5 1 1 1 1 20 52
118,202980,55 11 0 4 3 6 0 0 136 65 123 165
119,204980,55 11 0 4 3 6 0 0 80 65 33 165
120,206980,55 11 0 4 3 6 0 0 48 65 9 165
121,208991,55 11 0 4 3 6 0 0 32 65 4 101
122,210979,55 11 0 4 3 6 0 0 64 65 44 101
123,212980,55 11 0 4 3 6 0 0 64 65 44 101
124,214979,55 11 0 4 3 6 0 0 96 65 53 165
125,215981,55 10 0 4 5 1 1 1 1 20 52
126,217978,55 11 0 4 3 6 0 0 64 65 44 101
127,219980,55 11 0 4 3 6 0 0 48 65 9 165
128,221980,55 11 0 4 3 6 0 0 64 65 44 101
129,223980,55 11 0 4 3 6 0 0 16 65 16 101
130,225979,55 11 0 4 3 6 0 0 16 65 16 101
131,227993,55 11 0 4 3 6 0 0 32 65 4 101
132,229980,55 11 0 4 3 6 0 0 0 65 29 165
133,230980,55 10 0 4 5 1 1 1 1 20 52
134,232977,55 11 0 4 3 6 0 0 32 65 4 101
135,234978,55 11 0 4 3 6 0 0 32 65 4 101
136,236978,55 11 0 4 3 6 0 0 0 65 29 165
137,238977,55 11 0 4 3 6 0 0 16 65 16 101
138,240977,55 11 0 4 3 6 0 0 0 65 29 165
139,242977,55 11 0 4 3 6 0 0 0 65 29 165
140,244977,55 11 0 4 3 6 0 0 64 65 44 101
141,245989,55 10 0 4 5 1 1 1 1 20 52
142,247977,55 11 0 4 3 6 0 0 16 65 16 101
143,249977,55 11 0 4 3 6 0 0 32 65 4 101
144,251977,55 11 0 4 3 6 0 0 32 65 4 101
145,253978,55 11 0 4 3 6 0 0 0 65 29 165
146,255977,55 11 0 4 3 6 0 0 0 65 29 165
147,257977,55 11 0 4 3 6 0 0 96 65 53 165
148,259977,55 11 0 4 3 6 0 0 64 65 44 101
149,260977,55 10 0 4 5 1 1 1 1 20 52
150,262978,55 11 0 4 3 6 0 0 64 65 44 101
151,264990,55 11 0 4 3 6 0 0 0 65 29 165
152,266978,55 11 0 4 3 6 0 0 32 65 4 101
153,268977,55 11 0 4 3 6 0 0 32 65 4 101
154,270982,55 11 0 4 3 6 0 0 48 65 9 165
155,272976,55 11 0 4 3 6 0 0 112 65 56 101
156,274977,55 11 0 4 3 6 0 0 152 65 118 101
157,275977,55 10 0 4 5 1 1 1 1 20 52
158,277977,55 11 0 4 3 6 0 0 224 64 149 165
159,279977,55 11 0 4 3 6 0 0 0 65 29 165
160,281976,55 11 0 4 3 6 0 0 32 65 4 101
161,283993,55 11 0 4 3 6 0 0 16 65 16 101
162,285977,55 11 0 4 3 6 0 0 80 65 33 165
163,287977,55 11 0 4 3 6 0 0 16 65 16 101
164,289977,55 11 0 4 3 6 0 0 0 65 29 165
165,290977,55 10 0 4 5 1 1 1 1 20 52
166,292977,55 11 0 4 3 6 0 0 0 65 29 165
167,294977,55 11 0 4 3 6 0 0 0 65 29 165
168,296978,55 11 0 4 3 6 0 0 128 65 124 101
169,298978,55 11 0 4 3 6 0 0 16 65 16 101
170,300977,55 11 0 4 3 6 0 0 16 65 16 101
171,302990,55 11 0 4 3 6 0 0 64 65 44 101
172,304978,55 11 0 4 3 6 0 0 32 65 4 101
173,305977,55 10 0 4 5 1 1 1 1 20 52
174,308978,55 11 0 4 3 6 0 0 0 65 29 165
175,310977,55 11 0 4 3 6 0 0 16 65 16 101
176,312978,55 11 0 4 3 6 0 0 0 65 29 165
177,314977,55 11 0 4 3 6 0 0 0 65 29 165
178,316977,55 11 0 4 3 6 0 0 64 65 44 101
179,318978,55 11 0 4 3 6 0 0 0 65 29 165
180,320978,55 11 0 4 3 6 0 0 48 65 9 165
181,321992,55 10 0 4 5 1 1 1 1 20 52
182,322979,55 11 0 4 3 6 0 0 176 65 104 101
183,323980,55 10 0 4 3 7 1 1 2 220 189
184,324979,55 11 0 4 3 6 0 0 32 65 4 101
185,326980,55 11 0 4 3 6 0 0 176 65 104 101
186,328981,55 11 0 4 3 6 0 0 32 65 4 101
187,330982,55 11 0 4 3 6 0 0 32 65 4 101
188,332979,55 11 0 4 3 6 0 0 32 65 4 101
189,334978,55 11 0 4 3 6 0 0 48 65 9 165
190,335980,55 11 0 4 3 6 0 0 112 65 56 101
191,337993,55 11 0 4 3 6 0 0 32 65 4 101
192,339980,55 11 0 4 3 6 0 0 16 65 16 101
193,341980,55 11 0 4 3 6 0 0 16 65 16 101
194,342980,55 10 0 4 3 7 1 1 3 29 125
195,343980,55 10 0 4 3 7 1 1 2 220 189
196,344979,55 11 0 4 3 6 0 0 224 64 149 165
197,346980,55 11 0 4 3 6 0 0 224 64 149 165
198,348982,55 11 0 4 3 6 0 0 16 65 16 101
199,351031,55 11 0 4 3 6 0 0 16 65 16 101
200,351980,55 10 0 4 5 1 1 1 1 20 52
201,353991,55 11 0 4 3 6 0 0 48 65 9 165
202,355977,55 11 0 4 3 6 0 0 32 65 4 101
203,357978,55 11 0 4 3 6 0 0 224 64 149 165
204,359977,55 11 0 4 3 6 0 0 32 65 4 101
205,361977,55 11 0 4 3 6 0 0 32 65 4 101
206,363978,55 11 0 4 3 6 0 0 16 65 16 101
207,365977,55 11 0 4 3 6 0 0 32 65 4 101
208,366977,55 10 0 4 5 1 1 1 1 20 52
209,368978,55 11 0 4 3 6 0 0 224 64 149 165
210,370978,55 11 0 4 3 6 0 0 16 65 16 101
211,371990,55 11 0 4 3 6 0 0 0 65 29 165
212,372977,55 11 0 4 3 6 0 0 32 65 4 101
213,373977,55 10 0 4 3 7 1 1 4 92 191
214,375977,55 11 0 4 3 6 0 0 32 65 4 101
215,377977,55 11 0 4 3 6 0 0 48 65 9 165
216,379977,55 11 0 4 3 6 0 0 48 65 9 165
217,380977,55 11 0 4 3 6 0 0 64 65 44 101
218,382977,55 11 0 4 3 6 0 0 16 65 16 101
219,384977,55 11 0 4 3 6 0 0 16 65 16 101
220,386977,55 11 0 4 3 6 0 0 48 65 9 165
221,388989,55 11 0 4 3 6 0 0 48 65 9 165
222,390977,55 11 0 4 3 6 0 0 32 65 4 101
223,392977,55 11 0 4 3 6 0 0 64 65 44 101
224,394977,55 11 0 4 3 6 0 0 224 64 149 165
225,395977,55 11 0 4 3 6 0 0 80 65 33 165
226,397977,55 11 0 4 3 6 0 0 32 65 4 101
227,399977,55 11 0 4 3 6 0 0 224 64 149 165
228,401978,55 11 0 4 3 6 0 0 16 65 16 101
229,403977,55 11 0 4 3 6 0 0 16 65 16 101
230,405977,55 11 0 4 3 6 0 0 32 65 4 101
231,407991,55 11 0 4 3 6 0 0 48 65 9 165
232,409978,55 11 0 4 3 6 0 0 16 65 16 101
233,410977,55 11 0 4 3 6 0 0 0 65 29 165
234,412979,55 11 0 4 3 6 0 0 48 65 9 165
235,414977,55 11 0 4 3 6 0 0 16 65 16 101
236,416977,55 11 0 4 3 6 0 0 48 65 9 165
237,418979,55 11 0 4 3 6 0 0 192 64 140 101
238,420977,55 11 0 4 3 6 0 0 48 65 9 165
239,422977,55 11 0 4 3 6 0 0 48 65 9 165
240,424977,55 11 0 4 3 6 0 0 32 65 4 101
241,426990,55 11 0 4 3 6 0 0 48 65 9 165
242,427977,55 11 0 4 3 6 0 0 32 65 4 101
243,429978,55 11 0 4 3 6 0 0 112 65 56 101
244,432977,55 11 0 4 3 6 0 0 32 65 4 101
245,434977,55 11 0 4 3 6 0 0 0 65 29 165
246,436977,55 11 0 4 3 6 0 0 48 65 9 165
247,438979,55 11 0 4 3 6 0 0 0 65 29 165
248,440977,55 11 0 4 3 6 0 0 32 65 4 101
249,441980,55 11 0 4 3 6 0 0 0 65 29 165
250,443983,55 11 0 4 3 6 0 0 240 65 89 165